file,emotion,dataset,video_name
/media/ngxbac/Bac/dataset/KERC/video/train/Neutral/Neutral_008.mp4,Neutral,train,Neutral_008.mp4
/media/ngxbac/Bac/dataset/KERC/video/train/Neutral/Neutral_003.mp4,Neutral,train,Neutral_003.mp4
/media/ngxbac/Bac/dataset/KERC/video/train/Neutral/Neutral_017.mp4,Neutral,train,Neutral_017.mp4
/media/ngxbac/Bac/dataset/KERC/video/train/Neutral/Neutral_018.mp4,Neutral,train,Neutral_018.mp4
/media/ngxbac/Bac/dataset/KERC/video/train/Neutral/Neutral_012.mp4,Neutral,train,Neutral_012.mp4
/media/ngxbac/Bac/dataset/KERC/video/train/Neutral/Neutral_021.mp4,Neutral,train,Neutral_021.mp4
/media/ngxbac/Bac/dataset/KERC/video/train/Neutral/Neutral_033.mp4,Neutral,train,Neutral_033.mp4
/media/ngxbac/Bac/dataset/KERC/video/train/Neutral/Neutral_022.mp4,Neutral,train,Neutral_022.mp4
/media/ngxbac/Bac/dataset/KERC/video/train/Neutral/Neutral_005.mp4,Neutral,train,Neutral_005.mp4
/media/ngxbac/Bac/dataset/KERC/video/train/Neutral/Neutral_029.mp4,Neutral,train,Neutral_029.mp4
/media/ngxbac/Bac/dataset/KERC/video/train/Neutral/Neutral_032.mp4,Neutral,train,Neutral_032.mp4
/media/ngxbac/Bac/dataset/KERC/video/train/Neutral/Neutral_024.mp4,Neutral,train,Neutral_024.mp4
/media/ngxbac/Bac/dataset/KERC/video/train/Neutral/Neutral_009.mp4,Neutral,train,Neutral_009.mp4
/media/ngxbac/Bac/dataset/KERC/video/train/Neutral/Neutral_006.mp4,Neutral,train,Neutral_006.mp4
/media/ngxbac/Bac/dataset/KERC/video/train/Neutral/Neutral_026.mp4,Neutral,train,Neutral_026.mp4
/media/ngxbac/Bac/dataset/KERC/video/train/Neutral/Neutral_030.mp4,Neutral,train,Neutral_030.mp4
/media/ngxbac/Bac/dataset/KERC/video/train/Neutral/Neutral_034.mp4,Neutral,train,Neutral_034.mp4
/media/ngxbac/Bac/dataset/KERC/video/train/Neutral/Neutral_013.mp4,Neutral,train,Neutral_013.mp4
/media/ngxbac/Bac/dataset/KERC/video/train/Neutral/Neutral_014.mp4,Neutral,train,Neutral_014.mp4
/media/ngxbac/Bac/dataset/KERC/video/train/Neutral/Neutral_010.mp4,Neutral,train,Neutral_010.mp4
/media/ngxbac/Bac/dataset/KERC/video/train/Neutral/Neutral_023.mp4,Neutral,train,Neutral_023.mp4
/media/ngxbac/Bac/dataset/KERC/video/train/Neutral/Neutral_002.mp4,Neutral,train,Neutral_002.mp4
/media/ngxbac/Bac/dataset/KERC/video/train/Neutral/Neutral_020.mp4,Neutral,train,Neutral_020.mp4
/media/ngxbac/Bac/dataset/KERC/video/train/Neutral/Neutral_028.mp4,Neutral,train,Neutral_028.mp4
/media/ngxbac/Bac/dataset/KERC/video/train/Neutral/Neutral_007.mp4,Neutral,train,Neutral_007.mp4
/media/ngxbac/Bac/dataset/KERC/video/train/Neutral/Neutral_027.mp4,Neutral,train,Neutral_027.mp4
/media/ngxbac/Bac/dataset/KERC/video/train/Neutral/Neutral_025.mp4,Neutral,train,Neutral_025.mp4
/media/ngxbac/Bac/dataset/KERC/video/train/Neutral/Neutral_031.mp4,Neutral,train,Neutral_031.mp4
/media/ngxbac/Bac/dataset/KERC/video/train/Neutral/Neutral_001.mp4,Neutral,train,Neutral_001.mp4
/media/ngxbac/Bac/dataset/KERC/video/train/Neutral/Neutral_019.mp4,Neutral,train,Neutral_019.mp4
/media/ngxbac/Bac/dataset/KERC/video/train/Neutral/Neutral_015.mp4,Neutral,train,Neutral_015.mp4
/media/ngxbac/Bac/dataset/KERC/video/train/Neutral/Neutral_004.mp4,Neutral,train,Neutral_004.mp4
/media/ngxbac/Bac/dataset/KERC/video/train/Neutral/Neutral_011.mp4,Neutral,train,Neutral_011.mp4
/media/ngxbac/Bac/dataset/KERC/video/train/Neutral/Neutral_035.mp4,Neutral,train,Neutral_035.mp4
/media/ngxbac/Bac/dataset/KERC/video/train/Neutral/Neutral_016.mp4,Neutral,train,Neutral_016.mp4
/media/ngxbac/Bac/dataset/KERC/video/train/Disgust/Disgust_012.mp4,Disgust,train,Disgust_012.mp4
/media/ngxbac/Bac/dataset/KERC/video/train/Disgust/Disgust_005.mp4,Disgust,train,Disgust_005.mp4
/media/ngxbac/Bac/dataset/KERC/video/train/Disgust/Disgust_002.mp4,Disgust,train,Disgust_002.mp4
/media/ngxbac/Bac/dataset/KERC/video/train/Disgust/Disgust_014.mp4,Disgust,train,Disgust_014.mp4
/media/ngxbac/Bac/dataset/KERC/video/train/Disgust/Disgust_010.mp4,Disgust,train,Disgust_010.mp4
/media/ngxbac/Bac/dataset/KERC/video/train/Disgust/Disgust_001.mp4,Disgust,train,Disgust_001.mp4
/media/ngxbac/Bac/dataset/KERC/video/train/Disgust/Disgust_003.mp4,Disgust,train,Disgust_003.mp4
/media/ngxbac/Bac/dataset/KERC/video/train/Disgust/Disgust_013.mp4,Disgust,train,Disgust_013.mp4
/media/ngxbac/Bac/dataset/KERC/video/train/Disgust/Disgust_004.mp4,Disgust,train,Disgust_004.mp4
/media/ngxbac/Bac/dataset/KERC/video/train/Disgust/Disgust_011.mp4,Disgust,train,Disgust_011.mp4
/media/ngxbac/Bac/dataset/KERC/video/train/Disgust/Disgust_007.mp4,Disgust,train,Disgust_007.mp4
/media/ngxbac/Bac/dataset/KERC/video/train/Disgust/Disgust_009.mp4,Disgust,train,Disgust_009.mp4
/media/ngxbac/Bac/dataset/KERC/video/train/Disgust/Disgust_006.mp4,Disgust,train,Disgust_006.mp4
/media/ngxbac/Bac/dataset/KERC/video/train/Disgust/Disgust_015.mp4,Disgust,train,Disgust_015.mp4
/media/ngxbac/Bac/dataset/KERC/video/train/Disgust/Disgust_008.mp4,Disgust,train,Disgust_008.mp4
/media/ngxbac/Bac/dataset/KERC/video/train/Surprise/Surprise_031.mp4,Surprise,train,Surprise_031.mp4
/media/ngxbac/Bac/dataset/KERC/video/train/Surprise/Surprise_071.mp4,Surprise,train,Surprise_071.mp4
/media/ngxbac/Bac/dataset/KERC/video/train/Surprise/Surprise_011.mp4,Surprise,train,Surprise_011.mp4
/media/ngxbac/Bac/dataset/KERC/video/train/Surprise/Surprise_068.mp4,Surprise,train,Surprise_068.mp4
/media/ngxbac/Bac/dataset/KERC/video/train/Surprise/Surprise_049.mp4,Surprise,train,Surprise_049.mp4
/media/ngxbac/Bac/dataset/KERC/video/train/Surprise/Surprise_042.mp4,Surprise,train,Surprise_042.mp4
/media/ngxbac/Bac/dataset/KERC/video/train/Surprise/Surprise_035.mp4,Surprise,train,Surprise_035.mp4
/media/ngxbac/Bac/dataset/KERC/video/train/Surprise/Surprise_004.mp4,Surprise,train,Surprise_004.mp4
/media/ngxbac/Bac/dataset/KERC/video/train/Surprise/Surprise_040.mp4,Surprise,train,Surprise_040.mp4
/media/ngxbac/Bac/dataset/KERC/video/train/Surprise/Surprise_087.mp4,Surprise,train,Surprise_087.mp4
/media/ngxbac/Bac/dataset/KERC/video/train/Surprise/Surprise_012.mp4,Surprise,train,Surprise_012.mp4
/media/ngxbac/Bac/dataset/KERC/video/train/Surprise/Surprise_026.mp4,Surprise,train,Surprise_026.mp4
/media/ngxbac/Bac/dataset/KERC/video/train/Surprise/Surprise_021.mp4,Surprise,train,Surprise_021.mp4
/media/ngxbac/Bac/dataset/KERC/video/train/Surprise/Surprise_023.mp4,Surprise,train,Surprise_023.mp4
/media/ngxbac/Bac/dataset/KERC/video/train/Surprise/Surprise_091.mp4,Surprise,train,Surprise_091.mp4
/media/ngxbac/Bac/dataset/KERC/video/train/Surprise/Surprise_017.mp4,Surprise,train,Surprise_017.mp4
/media/ngxbac/Bac/dataset/KERC/video/train/Surprise/Surprise_090.mp4,Surprise,train,Surprise_090.mp4
/media/ngxbac/Bac/dataset/KERC/video/train/Surprise/Surprise_038.mp4,Surprise,train,Surprise_038.mp4
/media/ngxbac/Bac/dataset/KERC/video/train/Surprise/Surprise_007.mp4,Surprise,train,Surprise_007.mp4
/media/ngxbac/Bac/dataset/KERC/video/train/Surprise/Surprise_065.mp4,Surprise,train,Surprise_065.mp4
/media/ngxbac/Bac/dataset/KERC/video/train/Surprise/Surprise_057.mp4,Surprise,train,Surprise_057.mp4
/media/ngxbac/Bac/dataset/KERC/video/train/Surprise/Surprise_052.mp4,Surprise,train,Surprise_052.mp4
/media/ngxbac/Bac/dataset/KERC/video/train/Surprise/Surprise_028.mp4,Surprise,train,Surprise_028.mp4
/media/ngxbac/Bac/dataset/KERC/video/train/Surprise/Surprise_056.mp4,Surprise,train,Surprise_056.mp4
/media/ngxbac/Bac/dataset/KERC/video/train/Surprise/Surprise_024.mp4,Surprise,train,Surprise_024.mp4
/media/ngxbac/Bac/dataset/KERC/video/train/Surprise/Surprise_037.mp4,Surprise,train,Surprise_037.mp4
/media/ngxbac/Bac/dataset/KERC/video/train/Surprise/Surprise_018.mp4,Surprise,train,Surprise_018.mp4
/media/ngxbac/Bac/dataset/KERC/video/train/Surprise/Surprise_025.mp4,Surprise,train,Surprise_025.mp4
/media/ngxbac/Bac/dataset/KERC/video/train/Surprise/Surprise_062.mp4,Surprise,train,Surprise_062.mp4
/media/ngxbac/Bac/dataset/KERC/video/train/Surprise/Surprise_081.mp4,Surprise,train,Surprise_081.mp4
/media/ngxbac/Bac/dataset/KERC/video/train/Surprise/Surprise_041.mp4,Surprise,train,Surprise_041.mp4
/media/ngxbac/Bac/dataset/KERC/video/train/Surprise/Surprise_070.mp4,Surprise,train,Surprise_070.mp4
/media/ngxbac/Bac/dataset/KERC/video/train/Surprise/Surprise_072.mp4,Surprise,train,Surprise_072.mp4
/media/ngxbac/Bac/dataset/KERC/video/train/Surprise/Surprise_033.mp4,Surprise,train,Surprise_033.mp4
/media/ngxbac/Bac/dataset/KERC/video/train/Surprise/Surprise_047.mp4,Surprise,train,Surprise_047.mp4
/media/ngxbac/Bac/dataset/KERC/video/train/Surprise/Surprise_030.mp4,Surprise,train,Surprise_030.mp4
/media/ngxbac/Bac/dataset/KERC/video/train/Surprise/Surprise_036.mp4,Surprise,train,Surprise_036.mp4
/media/ngxbac/Bac/dataset/KERC/video/train/Surprise/Surprise_002.mp4,Surprise,train,Surprise_002.mp4
/media/ngxbac/Bac/dataset/KERC/video/train/Surprise/Surprise_027.mp4,Surprise,train,Surprise_027.mp4
/media/ngxbac/Bac/dataset/KERC/video/train/Surprise/Surprise_013.mp4,Surprise,train,Surprise_013.mp4
/media/ngxbac/Bac/dataset/KERC/video/train/Surprise/Surprise_044.mp4,Surprise,train,Surprise_044.mp4
/media/ngxbac/Bac/dataset/KERC/video/train/Surprise/Surprise_069.mp4,Surprise,train,Surprise_069.mp4
/media/ngxbac/Bac/dataset/KERC/video/train/Surprise/Surprise_003.mp4,Surprise,train,Surprise_003.mp4
/media/ngxbac/Bac/dataset/KERC/video/train/Surprise/Surprise_073.mp4,Surprise,train,Surprise_073.mp4
/media/ngxbac/Bac/dataset/KERC/video/train/Surprise/Surprise_074.mp4,Surprise,train,Surprise_074.mp4
/media/ngxbac/Bac/dataset/KERC/video/train/Surprise/Surprise_085.mp4,Surprise,train,Surprise_085.mp4
/media/ngxbac/Bac/dataset/KERC/video/train/Surprise/Surprise_019.mp4,Surprise,train,Surprise_019.mp4
/media/ngxbac/Bac/dataset/KERC/video/train/Surprise/Surprise_082.mp4,Surprise,train,Surprise_082.mp4
/media/ngxbac/Bac/dataset/KERC/video/train/Surprise/Surprise_076.mp4,Surprise,train,Surprise_076.mp4
/media/ngxbac/Bac/dataset/KERC/video/train/Surprise/Surprise_008.mp4,Surprise,train,Surprise_008.mp4
/media/ngxbac/Bac/dataset/KERC/video/train/Surprise/Surprise_077.mp4,Surprise,train,Surprise_077.mp4
/media/ngxbac/Bac/dataset/KERC/video/train/Surprise/Surprise_063.mp4,Surprise,train,Surprise_063.mp4
/media/ngxbac/Bac/dataset/KERC/video/train/Surprise/Surprise_005.mp4,Surprise,train,Surprise_005.mp4
/media/ngxbac/Bac/dataset/KERC/video/train/Surprise/Surprise_078.mp4,Surprise,train,Surprise_078.mp4
/media/ngxbac/Bac/dataset/KERC/video/train/Surprise/Surprise_029.mp4,Surprise,train,Surprise_029.mp4
/media/ngxbac/Bac/dataset/KERC/video/train/Surprise/Surprise_014.mp4,Surprise,train,Surprise_014.mp4
/media/ngxbac/Bac/dataset/KERC/video/train/Surprise/Surprise_061.mp4,Surprise,train,Surprise_061.mp4
/media/ngxbac/Bac/dataset/KERC/video/train/Surprise/Surprise_089.mp4,Surprise,train,Surprise_089.mp4
/media/ngxbac/Bac/dataset/KERC/video/train/Surprise/Surprise_053.mp4,Surprise,train,Surprise_053.mp4
/media/ngxbac/Bac/dataset/KERC/video/train/Surprise/Surprise_015.mp4,Surprise,train,Surprise_015.mp4
/media/ngxbac/Bac/dataset/KERC/video/train/Surprise/Surprise_016.mp4,Surprise,train,Surprise_016.mp4
/media/ngxbac/Bac/dataset/KERC/video/train/Surprise/Surprise_084.mp4,Surprise,train,Surprise_084.mp4
/media/ngxbac/Bac/dataset/KERC/video/train/Surprise/Surprise_066.mp4,Surprise,train,Surprise_066.mp4
/media/ngxbac/Bac/dataset/KERC/video/train/Surprise/Surprise_067.mp4,Surprise,train,Surprise_067.mp4
/media/ngxbac/Bac/dataset/KERC/video/train/Surprise/Surprise_020.mp4,Surprise,train,Surprise_020.mp4
/media/ngxbac/Bac/dataset/KERC/video/train/Surprise/Surprise_032.mp4,Surprise,train,Surprise_032.mp4
/media/ngxbac/Bac/dataset/KERC/video/train/Surprise/Surprise_039.mp4,Surprise,train,Surprise_039.mp4
/media/ngxbac/Bac/dataset/KERC/video/train/Surprise/Surprise_034.mp4,Surprise,train,Surprise_034.mp4
/media/ngxbac/Bac/dataset/KERC/video/train/Surprise/Surprise_051.mp4,Surprise,train,Surprise_051.mp4
/media/ngxbac/Bac/dataset/KERC/video/train/Surprise/Surprise_009.mp4,Surprise,train,Surprise_009.mp4
/media/ngxbac/Bac/dataset/KERC/video/train/Surprise/Surprise_088.mp4,Surprise,train,Surprise_088.mp4
/media/ngxbac/Bac/dataset/KERC/video/train/Surprise/Surprise_059.mp4,Surprise,train,Surprise_059.mp4
/media/ngxbac/Bac/dataset/KERC/video/train/Surprise/Surprise_075.mp4,Surprise,train,Surprise_075.mp4
/media/ngxbac/Bac/dataset/KERC/video/train/Surprise/Surprise_079.mp4,Surprise,train,Surprise_079.mp4
/media/ngxbac/Bac/dataset/KERC/video/train/Surprise/Surprise_001.mp4,Surprise,train,Surprise_001.mp4
/media/ngxbac/Bac/dataset/KERC/video/train/Surprise/Surprise_050.mp4,Surprise,train,Surprise_050.mp4
/media/ngxbac/Bac/dataset/KERC/video/train/Surprise/Surprise_083.mp4,Surprise,train,Surprise_083.mp4
/media/ngxbac/Bac/dataset/KERC/video/train/Surprise/Surprise_054.mp4,Surprise,train,Surprise_054.mp4
/media/ngxbac/Bac/dataset/KERC/video/train/Surprise/Surprise_022.mp4,Surprise,train,Surprise_022.mp4
/media/ngxbac/Bac/dataset/KERC/video/train/Surprise/Surprise_043.mp4,Surprise,train,Surprise_043.mp4
/media/ngxbac/Bac/dataset/KERC/video/train/Surprise/Surprise_058.mp4,Surprise,train,Surprise_058.mp4
/media/ngxbac/Bac/dataset/KERC/video/train/Surprise/Surprise_046.mp4,Surprise,train,Surprise_046.mp4
/media/ngxbac/Bac/dataset/KERC/video/train/Surprise/Surprise_006.mp4,Surprise,train,Surprise_006.mp4
/media/ngxbac/Bac/dataset/KERC/video/train/Surprise/Surprise_086.mp4,Surprise,train,Surprise_086.mp4
/media/ngxbac/Bac/dataset/KERC/video/train/Surprise/Surprise_080.mp4,Surprise,train,Surprise_080.mp4
/media/ngxbac/Bac/dataset/KERC/video/train/Surprise/Surprise_064.mp4,Surprise,train,Surprise_064.mp4
/media/ngxbac/Bac/dataset/KERC/video/train/Surprise/Surprise_010.mp4,Surprise,train,Surprise_010.mp4
/media/ngxbac/Bac/dataset/KERC/video/train/Surprise/Surprise_048.mp4,Surprise,train,Surprise_048.mp4
/media/ngxbac/Bac/dataset/KERC/video/train/Surprise/Surprise_055.mp4,Surprise,train,Surprise_055.mp4
/media/ngxbac/Bac/dataset/KERC/video/train/Surprise/Surprise_060.mp4,Surprise,train,Surprise_060.mp4
/media/ngxbac/Bac/dataset/KERC/video/train/Surprise/Surprise_045.mp4,Surprise,train,Surprise_045.mp4
/media/ngxbac/Bac/dataset/KERC/video/train/Surprise/Surprise_092.mp4,Surprise,train,Surprise_092.mp4
/media/ngxbac/Bac/dataset/KERC/video/train/Happy/Happy_051.mp4,Happy,train,Happy_051.mp4
/media/ngxbac/Bac/dataset/KERC/video/train/Happy/Happy_059.mp4,Happy,train,Happy_059.mp4
/media/ngxbac/Bac/dataset/KERC/video/train/Happy/Happy_086.mp4,Happy,train,Happy_086.mp4
/media/ngxbac/Bac/dataset/KERC/video/train/Happy/Happy_030.mp4,Happy,train,Happy_030.mp4
/media/ngxbac/Bac/dataset/KERC/video/train/Happy/Happy_024.mp4,Happy,train,Happy_024.mp4
/media/ngxbac/Bac/dataset/KERC/video/train/Happy/Happy_011.mp4,Happy,train,Happy_011.mp4
/media/ngxbac/Bac/dataset/KERC/video/train/Happy/Happy_055.mp4,Happy,train,Happy_055.mp4
/media/ngxbac/Bac/dataset/KERC/video/train/Happy/Happy_001.mp4,Happy,train,Happy_001.mp4
/media/ngxbac/Bac/dataset/KERC/video/train/Happy/Happy_006.mp4,Happy,train,Happy_006.mp4
/media/ngxbac/Bac/dataset/KERC/video/train/Happy/Happy_038.mp4,Happy,train,Happy_038.mp4
/media/ngxbac/Bac/dataset/KERC/video/train/Happy/Happy_069.mp4,Happy,train,Happy_069.mp4
/media/ngxbac/Bac/dataset/KERC/video/train/Happy/Happy_061.mp4,Happy,train,Happy_061.mp4
/media/ngxbac/Bac/dataset/KERC/video/train/Happy/Happy_008.mp4,Happy,train,Happy_008.mp4
/media/ngxbac/Bac/dataset/KERC/video/train/Happy/Happy_002.mp4,Happy,train,Happy_002.mp4
/media/ngxbac/Bac/dataset/KERC/video/train/Happy/Happy_097.mp4,Happy,train,Happy_097.mp4
/media/ngxbac/Bac/dataset/KERC/video/train/Happy/Happy_098.mp4,Happy,train,Happy_098.mp4
/media/ngxbac/Bac/dataset/KERC/video/train/Happy/Happy_023.mp4,Happy,train,Happy_023.mp4
/media/ngxbac/Bac/dataset/KERC/video/train/Happy/Happy_035.mp4,Happy,train,Happy_035.mp4
/media/ngxbac/Bac/dataset/KERC/video/train/Happy/Happy_101.mp4,Happy,train,Happy_101.mp4
/media/ngxbac/Bac/dataset/KERC/video/train/Happy/Happy_020.mp4,Happy,train,Happy_020.mp4
/media/ngxbac/Bac/dataset/KERC/video/train/Happy/Happy_073.mp4,Happy,train,Happy_073.mp4
/media/ngxbac/Bac/dataset/KERC/video/train/Happy/Happy_107.mp4,Happy,train,Happy_107.mp4
/media/ngxbac/Bac/dataset/KERC/video/train/Happy/Happy_040.mp4,Happy,train,Happy_040.mp4
/media/ngxbac/Bac/dataset/KERC/video/train/Happy/Happy_076.mp4,Happy,train,Happy_076.mp4
/media/ngxbac/Bac/dataset/KERC/video/train/Happy/Happy_090.mp4,Happy,train,Happy_090.mp4
/media/ngxbac/Bac/dataset/KERC/video/train/Happy/Happy_108.mp4,Happy,train,Happy_108.mp4
/media/ngxbac/Bac/dataset/KERC/video/train/Happy/Happy_072.mp4,Happy,train,Happy_072.mp4
/media/ngxbac/Bac/dataset/KERC/video/train/Happy/Happy_015.mp4,Happy,train,Happy_015.mp4
/media/ngxbac/Bac/dataset/KERC/video/train/Happy/Happy_054.mp4,Happy,train,Happy_054.mp4
/media/ngxbac/Bac/dataset/KERC/video/train/Happy/Happy_091.mp4,Happy,train,Happy_091.mp4
/media/ngxbac/Bac/dataset/KERC/video/train/Happy/Happy_045.mp4,Happy,train,Happy_045.mp4
/media/ngxbac/Bac/dataset/KERC/video/train/Happy/Happy_044.mp4,Happy,train,Happy_044.mp4
/media/ngxbac/Bac/dataset/KERC/video/train/Happy/Happy_042.mp4,Happy,train,Happy_042.mp4
/media/ngxbac/Bac/dataset/KERC/video/train/Happy/Happy_105.mp4,Happy,train,Happy_105.mp4
/media/ngxbac/Bac/dataset/KERC/video/train/Happy/Happy_080.mp4,Happy,train,Happy_080.mp4
/media/ngxbac/Bac/dataset/KERC/video/train/Happy/Happy_071.mp4,Happy,train,Happy_071.mp4
/media/ngxbac/Bac/dataset/KERC/video/train/Happy/Happy_019.mp4,Happy,train,Happy_019.mp4
/media/ngxbac/Bac/dataset/KERC/video/train/Happy/Happy_021.mp4,Happy,train,Happy_021.mp4
/media/ngxbac/Bac/dataset/KERC/video/train/Happy/Happy_017.mp4,Happy,train,Happy_017.mp4
/media/ngxbac/Bac/dataset/KERC/video/train/Happy/Happy_028.mp4,Happy,train,Happy_028.mp4
/media/ngxbac/Bac/dataset/KERC/video/train/Happy/Happy_103.mp4,Happy,train,Happy_103.mp4
/media/ngxbac/Bac/dataset/KERC/video/train/Happy/Happy_094.mp4,Happy,train,Happy_094.mp4
/media/ngxbac/Bac/dataset/KERC/video/train/Happy/Happy_077.mp4,Happy,train,Happy_077.mp4
/media/ngxbac/Bac/dataset/KERC/video/train/Happy/Happy_007.mp4,Happy,train,Happy_007.mp4
/media/ngxbac/Bac/dataset/KERC/video/train/Happy/Happy_043.mp4,Happy,train,Happy_043.mp4
/media/ngxbac/Bac/dataset/KERC/video/train/Happy/Happy_100.mp4,Happy,train,Happy_100.mp4
/media/ngxbac/Bac/dataset/KERC/video/train/Happy/Happy_037.mp4,Happy,train,Happy_037.mp4
/media/ngxbac/Bac/dataset/KERC/video/train/Happy/Happy_078.mp4,Happy,train,Happy_078.mp4
/media/ngxbac/Bac/dataset/KERC/video/train/Happy/Happy_033.mp4,Happy,train,Happy_033.mp4
/media/ngxbac/Bac/dataset/KERC/video/train/Happy/Happy_106.mp4,Happy,train,Happy_106.mp4
/media/ngxbac/Bac/dataset/KERC/video/train/Happy/Happy_089.mp4,Happy,train,Happy_089.mp4
/media/ngxbac/Bac/dataset/KERC/video/train/Happy/Happy_057.mp4,Happy,train,Happy_057.mp4
/media/ngxbac/Bac/dataset/KERC/video/train/Happy/Happy_096.mp4,Happy,train,Happy_096.mp4
/media/ngxbac/Bac/dataset/KERC/video/train/Happy/Happy_074.mp4,Happy,train,Happy_074.mp4
/media/ngxbac/Bac/dataset/KERC/video/train/Happy/Happy_047.mp4,Happy,train,Happy_047.mp4
/media/ngxbac/Bac/dataset/KERC/video/train/Happy/Happy_048.mp4,Happy,train,Happy_048.mp4
/media/ngxbac/Bac/dataset/KERC/video/train/Happy/Happy_075.mp4,Happy,train,Happy_075.mp4
/media/ngxbac/Bac/dataset/KERC/video/train/Happy/Happy_027.mp4,Happy,train,Happy_027.mp4
/media/ngxbac/Bac/dataset/KERC/video/train/Happy/Happy_088.mp4,Happy,train,Happy_088.mp4
/media/ngxbac/Bac/dataset/KERC/video/train/Happy/Happy_039.mp4,Happy,train,Happy_039.mp4
/media/ngxbac/Bac/dataset/KERC/video/train/Happy/Happy_095.mp4,Happy,train,Happy_095.mp4
/media/ngxbac/Bac/dataset/KERC/video/train/Happy/Happy_014.mp4,Happy,train,Happy_014.mp4
/media/ngxbac/Bac/dataset/KERC/video/train/Happy/Happy_036.mp4,Happy,train,Happy_036.mp4
/media/ngxbac/Bac/dataset/KERC/video/train/Happy/Happy_053.mp4,Happy,train,Happy_053.mp4
/media/ngxbac/Bac/dataset/KERC/video/train/Happy/Happy_005.mp4,Happy,train,Happy_005.mp4
/media/ngxbac/Bac/dataset/KERC/video/train/Happy/Happy_099.mp4,Happy,train,Happy_099.mp4
/media/ngxbac/Bac/dataset/KERC/video/train/Happy/Happy_056.mp4,Happy,train,Happy_056.mp4
/media/ngxbac/Bac/dataset/KERC/video/train/Happy/Happy_110.mp4,Happy,train,Happy_110.mp4
/media/ngxbac/Bac/dataset/KERC/video/train/Happy/Happy_082.mp4,Happy,train,Happy_082.mp4
/media/ngxbac/Bac/dataset/KERC/video/train/Happy/Happy_092.mp4,Happy,train,Happy_092.mp4
/media/ngxbac/Bac/dataset/KERC/video/train/Happy/Happy_093.mp4,Happy,train,Happy_093.mp4
/media/ngxbac/Bac/dataset/KERC/video/train/Happy/Happy_062.mp4,Happy,train,Happy_062.mp4
/media/ngxbac/Bac/dataset/KERC/video/train/Happy/Happy_068.mp4,Happy,train,Happy_068.mp4
/media/ngxbac/Bac/dataset/KERC/video/train/Happy/Happy_009.mp4,Happy,train,Happy_009.mp4
/media/ngxbac/Bac/dataset/KERC/video/train/Happy/Happy_026.mp4,Happy,train,Happy_026.mp4
/media/ngxbac/Bac/dataset/KERC/video/train/Happy/Happy_046.mp4,Happy,train,Happy_046.mp4
/media/ngxbac/Bac/dataset/KERC/video/train/Happy/Happy_102.mp4,Happy,train,Happy_102.mp4
/media/ngxbac/Bac/dataset/KERC/video/train/Happy/Happy_070.mp4,Happy,train,Happy_070.mp4
/media/ngxbac/Bac/dataset/KERC/video/train/Happy/Happy_034.mp4,Happy,train,Happy_034.mp4
/media/ngxbac/Bac/dataset/KERC/video/train/Happy/Happy_052.mp4,Happy,train,Happy_052.mp4
/media/ngxbac/Bac/dataset/KERC/video/train/Happy/Happy_084.mp4,Happy,train,Happy_084.mp4
/media/ngxbac/Bac/dataset/KERC/video/train/Happy/Happy_003.mp4,Happy,train,Happy_003.mp4
/media/ngxbac/Bac/dataset/KERC/video/train/Happy/Happy_029.mp4,Happy,train,Happy_029.mp4
/media/ngxbac/Bac/dataset/KERC/video/train/Happy/Happy_013.mp4,Happy,train,Happy_013.mp4
/media/ngxbac/Bac/dataset/KERC/video/train/Happy/Happy_104.mp4,Happy,train,Happy_104.mp4
/media/ngxbac/Bac/dataset/KERC/video/train/Happy/Happy_063.mp4,Happy,train,Happy_063.mp4
/media/ngxbac/Bac/dataset/KERC/video/train/Happy/Happy_050.mp4,Happy,train,Happy_050.mp4
/media/ngxbac/Bac/dataset/KERC/video/train/Happy/Happy_004.mp4,Happy,train,Happy_004.mp4
/media/ngxbac/Bac/dataset/KERC/video/train/Happy/Happy_022.mp4,Happy,train,Happy_022.mp4
/media/ngxbac/Bac/dataset/KERC/video/train/Happy/Happy_085.mp4,Happy,train,Happy_085.mp4
/media/ngxbac/Bac/dataset/KERC/video/train/Happy/Happy_079.mp4,Happy,train,Happy_079.mp4
/media/ngxbac/Bac/dataset/KERC/video/train/Happy/Happy_058.mp4,Happy,train,Happy_058.mp4
/media/ngxbac/Bac/dataset/KERC/video/train/Happy/Happy_012.mp4,Happy,train,Happy_012.mp4
/media/ngxbac/Bac/dataset/KERC/video/train/Happy/Happy_016.mp4,Happy,train,Happy_016.mp4
/media/ngxbac/Bac/dataset/KERC/video/train/Happy/Happy_031.mp4,Happy,train,Happy_031.mp4
/media/ngxbac/Bac/dataset/KERC/video/train/Happy/Happy_065.mp4,Happy,train,Happy_065.mp4
/media/ngxbac/Bac/dataset/KERC/video/train/Happy/Happy_066.mp4,Happy,train,Happy_066.mp4
/media/ngxbac/Bac/dataset/KERC/video/train/Happy/Happy_041.mp4,Happy,train,Happy_041.mp4
/media/ngxbac/Bac/dataset/KERC/video/train/Happy/Happy_083.mp4,Happy,train,Happy_083.mp4
/media/ngxbac/Bac/dataset/KERC/video/train/Happy/Happy_067.mp4,Happy,train,Happy_067.mp4
/media/ngxbac/Bac/dataset/KERC/video/train/Happy/Happy_049.mp4,Happy,train,Happy_049.mp4
/media/ngxbac/Bac/dataset/KERC/video/train/Happy/Happy_109.mp4,Happy,train,Happy_109.mp4
/media/ngxbac/Bac/dataset/KERC/video/train/Happy/Happy_032.mp4,Happy,train,Happy_032.mp4
/media/ngxbac/Bac/dataset/KERC/video/train/Happy/Happy_025.mp4,Happy,train,Happy_025.mp4
/media/ngxbac/Bac/dataset/KERC/video/train/Happy/Happy_081.mp4,Happy,train,Happy_081.mp4
/media/ngxbac/Bac/dataset/KERC/video/train/Happy/Happy_060.mp4,Happy,train,Happy_060.mp4
/media/ngxbac/Bac/dataset/KERC/video/train/Happy/Happy_087.mp4,Happy,train,Happy_087.mp4
/media/ngxbac/Bac/dataset/KERC/video/train/Happy/Happy_064.mp4,Happy,train,Happy_064.mp4
/media/ngxbac/Bac/dataset/KERC/video/train/Happy/Happy_010.mp4,Happy,train,Happy_010.mp4
/media/ngxbac/Bac/dataset/KERC/video/train/Happy/Happy_018.mp4,Happy,train,Happy_018.mp4
/media/ngxbac/Bac/dataset/KERC/video/train/Angry/Angry_090.mp4,Angry,train,Angry_090.mp4
/media/ngxbac/Bac/dataset/KERC/video/train/Angry/Angry_120.mp4,Angry,train,Angry_120.mp4
/media/ngxbac/Bac/dataset/KERC/video/train/Angry/Angry_085.mp4,Angry,train,Angry_085.mp4
/media/ngxbac/Bac/dataset/KERC/video/train/Angry/Angry_119.mp4,Angry,train,Angry_119.mp4
/media/ngxbac/Bac/dataset/KERC/video/train/Angry/Angry_108.mp4,Angry,train,Angry_108.mp4
/media/ngxbac/Bac/dataset/KERC/video/train/Angry/Angry_118.mp4,Angry,train,Angry_118.mp4
/media/ngxbac/Bac/dataset/KERC/video/train/Angry/Angry_078.mp4,Angry,train,Angry_078.mp4
/media/ngxbac/Bac/dataset/KERC/video/train/Angry/Angry_122.mp4,Angry,train,Angry_122.mp4
/media/ngxbac/Bac/dataset/KERC/video/train/Angry/Angry_138.mp4,Angry,train,Angry_138.mp4
/media/ngxbac/Bac/dataset/KERC/video/train/Angry/Angry_019.mp4,Angry,train,Angry_019.mp4
/media/ngxbac/Bac/dataset/KERC/video/train/Angry/Angry_148.mp4,Angry,train,Angry_148.mp4
/media/ngxbac/Bac/dataset/KERC/video/train/Angry/Angry_061.mp4,Angry,train,Angry_061.mp4
/media/ngxbac/Bac/dataset/KERC/video/train/Angry/Angry_036.mp4,Angry,train,Angry_036.mp4
/media/ngxbac/Bac/dataset/KERC/video/train/Angry/Angry_171.mp4,Angry,train,Angry_171.mp4
/media/ngxbac/Bac/dataset/KERC/video/train/Angry/Angry_024.mp4,Angry,train,Angry_024.mp4
/media/ngxbac/Bac/dataset/KERC/video/train/Angry/Angry_098.mp4,Angry,train,Angry_098.mp4
/media/ngxbac/Bac/dataset/KERC/video/train/Angry/Angry_008.mp4,Angry,train,Angry_008.mp4
/media/ngxbac/Bac/dataset/KERC/video/train/Angry/Angry_049.mp4,Angry,train,Angry_049.mp4
/media/ngxbac/Bac/dataset/KERC/video/train/Angry/Angry_016.mp4,Angry,train,Angry_016.mp4
/media/ngxbac/Bac/dataset/KERC/video/train/Angry/Angry_149.mp4,Angry,train,Angry_149.mp4
/media/ngxbac/Bac/dataset/KERC/video/train/Angry/Angry_083.mp4,Angry,train,Angry_083.mp4
/media/ngxbac/Bac/dataset/KERC/video/train/Angry/Angry_056.mp4,Angry,train,Angry_056.mp4
/media/ngxbac/Bac/dataset/KERC/video/train/Angry/Angry_107.mp4,Angry,train,Angry_107.mp4
/media/ngxbac/Bac/dataset/KERC/video/train/Angry/Angry_146.mp4,Angry,train,Angry_146.mp4
/media/ngxbac/Bac/dataset/KERC/video/train/Angry/Angry_124.mp4,Angry,train,Angry_124.mp4
/media/ngxbac/Bac/dataset/KERC/video/train/Angry/Angry_035.mp4,Angry,train,Angry_035.mp4
/media/ngxbac/Bac/dataset/KERC/video/train/Angry/Angry_009.mp4,Angry,train,Angry_009.mp4
/media/ngxbac/Bac/dataset/KERC/video/train/Angry/Angry_039.mp4,Angry,train,Angry_039.mp4
/media/ngxbac/Bac/dataset/KERC/video/train/Angry/Angry_105.mp4,Angry,train,Angry_105.mp4
/media/ngxbac/Bac/dataset/KERC/video/train/Angry/Angry_042.mp4,Angry,train,Angry_042.mp4
/media/ngxbac/Bac/dataset/KERC/video/train/Angry/Angry_048.mp4,Angry,train,Angry_048.mp4
/media/ngxbac/Bac/dataset/KERC/video/train/Angry/Angry_013.mp4,Angry,train,Angry_013.mp4
/media/ngxbac/Bac/dataset/KERC/video/train/Angry/Angry_109.mp4,Angry,train,Angry_109.mp4
/media/ngxbac/Bac/dataset/KERC/video/train/Angry/Angry_081.mp4,Angry,train,Angry_081.mp4
/media/ngxbac/Bac/dataset/KERC/video/train/Angry/Angry_076.mp4,Angry,train,Angry_076.mp4
/media/ngxbac/Bac/dataset/KERC/video/train/Angry/Angry_179.mp4,Angry,train,Angry_179.mp4
/media/ngxbac/Bac/dataset/KERC/video/train/Angry/Angry_160.mp4,Angry,train,Angry_160.mp4
/media/ngxbac/Bac/dataset/KERC/video/train/Angry/Angry_079.mp4,Angry,train,Angry_079.mp4
/media/ngxbac/Bac/dataset/KERC/video/train/Angry/Angry_022.mp4,Angry,train,Angry_022.mp4
/media/ngxbac/Bac/dataset/KERC/video/train/Angry/Angry_094.mp4,Angry,train,Angry_094.mp4
/media/ngxbac/Bac/dataset/KERC/video/train/Angry/Angry_130.mp4,Angry,train,Angry_130.mp4
/media/ngxbac/Bac/dataset/KERC/video/train/Angry/Angry_137.mp4,Angry,train,Angry_137.mp4
/media/ngxbac/Bac/dataset/KERC/video/train/Angry/Angry_129.mp4,Angry,train,Angry_129.mp4
/media/ngxbac/Bac/dataset/KERC/video/train/Angry/Angry_167.mp4,Angry,train,Angry_167.mp4
/media/ngxbac/Bac/dataset/KERC/video/train/Angry/Angry_011.mp4,Angry,train,Angry_011.mp4
/media/ngxbac/Bac/dataset/KERC/video/train/Angry/Angry_037.mp4,Angry,train,Angry_037.mp4
/media/ngxbac/Bac/dataset/KERC/video/train/Angry/Angry_077.mp4,Angry,train,Angry_077.mp4
/media/ngxbac/Bac/dataset/KERC/video/train/Angry/Angry_132.mp4,Angry,train,Angry_132.mp4
/media/ngxbac/Bac/dataset/KERC/video/train/Angry/Angry_131.mp4,Angry,train,Angry_131.mp4
/media/ngxbac/Bac/dataset/KERC/video/train/Angry/Angry_031.mp4,Angry,train,Angry_031.mp4
/media/ngxbac/Bac/dataset/KERC/video/train/Angry/Angry_181.mp4,Angry,train,Angry_181.mp4
/media/ngxbac/Bac/dataset/KERC/video/train/Angry/Angry_184.mp4,Angry,train,Angry_184.mp4
/media/ngxbac/Bac/dataset/KERC/video/train/Angry/Angry_147.mp4,Angry,train,Angry_147.mp4
/media/ngxbac/Bac/dataset/KERC/video/train/Angry/Angry_067.mp4,Angry,train,Angry_067.mp4
/media/ngxbac/Bac/dataset/KERC/video/train/Angry/Angry_151.mp4,Angry,train,Angry_151.mp4
/media/ngxbac/Bac/dataset/KERC/video/train/Angry/Angry_103.mp4,Angry,train,Angry_103.mp4
/media/ngxbac/Bac/dataset/KERC/video/train/Angry/Angry_097.mp4,Angry,train,Angry_097.mp4
/media/ngxbac/Bac/dataset/KERC/video/train/Angry/Angry_173.mp4,Angry,train,Angry_173.mp4
/media/ngxbac/Bac/dataset/KERC/video/train/Angry/Angry_058.mp4,Angry,train,Angry_058.mp4
/media/ngxbac/Bac/dataset/KERC/video/train/Angry/Angry_136.mp4,Angry,train,Angry_136.mp4
/media/ngxbac/Bac/dataset/KERC/video/train/Angry/Angry_034.mp4,Angry,train,Angry_034.mp4
/media/ngxbac/Bac/dataset/KERC/video/train/Angry/Angry_121.mp4,Angry,train,Angry_121.mp4
/media/ngxbac/Bac/dataset/KERC/video/train/Angry/Angry_033.mp4,Angry,train,Angry_033.mp4
/media/ngxbac/Bac/dataset/KERC/video/train/Angry/Angry_063.mp4,Angry,train,Angry_063.mp4
/media/ngxbac/Bac/dataset/KERC/video/train/Angry/Angry_110.mp4,Angry,train,Angry_110.mp4
/media/ngxbac/Bac/dataset/KERC/video/train/Angry/Angry_141.mp4,Angry,train,Angry_141.mp4
/media/ngxbac/Bac/dataset/KERC/video/train/Angry/Angry_128.mp4,Angry,train,Angry_128.mp4
/media/ngxbac/Bac/dataset/KERC/video/train/Angry/Angry_134.mp4,Angry,train,Angry_134.mp4
/media/ngxbac/Bac/dataset/KERC/video/train/Angry/Angry_101.mp4,Angry,train,Angry_101.mp4
/media/ngxbac/Bac/dataset/KERC/video/train/Angry/Angry_051.mp4,Angry,train,Angry_051.mp4
/media/ngxbac/Bac/dataset/KERC/video/train/Angry/Angry_012.mp4,Angry,train,Angry_012.mp4
/media/ngxbac/Bac/dataset/KERC/video/train/Angry/Angry_095.mp4,Angry,train,Angry_095.mp4
/media/ngxbac/Bac/dataset/KERC/video/train/Angry/Angry_106.mp4,Angry,train,Angry_106.mp4
/media/ngxbac/Bac/dataset/KERC/video/train/Angry/Angry_126.mp4,Angry,train,Angry_126.mp4
/media/ngxbac/Bac/dataset/KERC/video/train/Angry/Angry_007.mp4,Angry,train,Angry_007.mp4
/media/ngxbac/Bac/dataset/KERC/video/train/Angry/Angry_150.mp4,Angry,train,Angry_150.mp4
/media/ngxbac/Bac/dataset/KERC/video/train/Angry/Angry_030.mp4,Angry,train,Angry_030.mp4
/media/ngxbac/Bac/dataset/KERC/video/train/Angry/Angry_145.mp4,Angry,train,Angry_145.mp4
/media/ngxbac/Bac/dataset/KERC/video/train/Angry/Angry_116.mp4,Angry,train,Angry_116.mp4
/media/ngxbac/Bac/dataset/KERC/video/train/Angry/Angry_123.mp4,Angry,train,Angry_123.mp4
/media/ngxbac/Bac/dataset/KERC/video/train/Angry/Angry_073.mp4,Angry,train,Angry_073.mp4
/media/ngxbac/Bac/dataset/KERC/video/train/Angry/Angry_113.mp4,Angry,train,Angry_113.mp4
/media/ngxbac/Bac/dataset/KERC/video/train/Angry/Angry_001.mp4,Angry,train,Angry_001.mp4
/media/ngxbac/Bac/dataset/KERC/video/train/Angry/Angry_075.mp4,Angry,train,Angry_075.mp4
/media/ngxbac/Bac/dataset/KERC/video/train/Angry/Angry_140.mp4,Angry,train,Angry_140.mp4
/media/ngxbac/Bac/dataset/KERC/video/train/Angry/Angry_133.mp4,Angry,train,Angry_133.mp4
/media/ngxbac/Bac/dataset/KERC/video/train/Angry/Angry_084.mp4,Angry,train,Angry_084.mp4
/media/ngxbac/Bac/dataset/KERC/video/train/Angry/Angry_166.mp4,Angry,train,Angry_166.mp4
/media/ngxbac/Bac/dataset/KERC/video/train/Angry/Angry_178.mp4,Angry,train,Angry_178.mp4
/media/ngxbac/Bac/dataset/KERC/video/train/Angry/Angry_041.mp4,Angry,train,Angry_041.mp4
/media/ngxbac/Bac/dataset/KERC/video/train/Angry/Angry_057.mp4,Angry,train,Angry_057.mp4
/media/ngxbac/Bac/dataset/KERC/video/train/Angry/Angry_066.mp4,Angry,train,Angry_066.mp4
/media/ngxbac/Bac/dataset/KERC/video/train/Angry/Angry_029.mp4,Angry,train,Angry_029.mp4
/media/ngxbac/Bac/dataset/KERC/video/train/Angry/Angry_055.mp4,Angry,train,Angry_055.mp4
/media/ngxbac/Bac/dataset/KERC/video/train/Angry/Angry_046.mp4,Angry,train,Angry_046.mp4
/media/ngxbac/Bac/dataset/KERC/video/train/Angry/Angry_172.mp4,Angry,train,Angry_172.mp4
/media/ngxbac/Bac/dataset/KERC/video/train/Angry/Angry_100.mp4,Angry,train,Angry_100.mp4
/media/ngxbac/Bac/dataset/KERC/video/train/Angry/Angry_015.mp4,Angry,train,Angry_015.mp4
/media/ngxbac/Bac/dataset/KERC/video/train/Angry/Angry_099.mp4,Angry,train,Angry_099.mp4
/media/ngxbac/Bac/dataset/KERC/video/train/Angry/Angry_006.mp4,Angry,train,Angry_006.mp4
/media/ngxbac/Bac/dataset/KERC/video/train/Angry/Angry_010.mp4,Angry,train,Angry_010.mp4
/media/ngxbac/Bac/dataset/KERC/video/train/Angry/Angry_064.mp4,Angry,train,Angry_064.mp4
/media/ngxbac/Bac/dataset/KERC/video/train/Angry/Angry_177.mp4,Angry,train,Angry_177.mp4
/media/ngxbac/Bac/dataset/KERC/video/train/Angry/Angry_002.mp4,Angry,train,Angry_002.mp4
/media/ngxbac/Bac/dataset/KERC/video/train/Angry/Angry_142.mp4,Angry,train,Angry_142.mp4
/media/ngxbac/Bac/dataset/KERC/video/train/Angry/Angry_021.mp4,Angry,train,Angry_021.mp4
/media/ngxbac/Bac/dataset/KERC/video/train/Angry/Angry_102.mp4,Angry,train,Angry_102.mp4
/media/ngxbac/Bac/dataset/KERC/video/train/Angry/Angry_071.mp4,Angry,train,Angry_071.mp4
/media/ngxbac/Bac/dataset/KERC/video/train/Angry/Angry_060.mp4,Angry,train,Angry_060.mp4
/media/ngxbac/Bac/dataset/KERC/video/train/Angry/Angry_044.mp4,Angry,train,Angry_044.mp4
/media/ngxbac/Bac/dataset/KERC/video/train/Angry/Angry_125.mp4,Angry,train,Angry_125.mp4
/media/ngxbac/Bac/dataset/KERC/video/train/Angry/Angry_047.mp4,Angry,train,Angry_047.mp4
/media/ngxbac/Bac/dataset/KERC/video/train/Angry/Angry_038.mp4,Angry,train,Angry_038.mp4
/media/ngxbac/Bac/dataset/KERC/video/train/Angry/Angry_153.mp4,Angry,train,Angry_153.mp4
/media/ngxbac/Bac/dataset/KERC/video/train/Angry/Angry_135.mp4,Angry,train,Angry_135.mp4
/media/ngxbac/Bac/dataset/KERC/video/train/Angry/Angry_068.mp4,Angry,train,Angry_068.mp4
/media/ngxbac/Bac/dataset/KERC/video/train/Angry/Angry_139.mp4,Angry,train,Angry_139.mp4
/media/ngxbac/Bac/dataset/KERC/video/train/Angry/Angry_003.mp4,Angry,train,Angry_003.mp4
/media/ngxbac/Bac/dataset/KERC/video/train/Angry/Angry_026.mp4,Angry,train,Angry_026.mp4
/media/ngxbac/Bac/dataset/KERC/video/train/Angry/Angry_164.mp4,Angry,train,Angry_164.mp4
/media/ngxbac/Bac/dataset/KERC/video/train/Angry/Angry_043.mp4,Angry,train,Angry_043.mp4
/media/ngxbac/Bac/dataset/KERC/video/train/Angry/Angry_144.mp4,Angry,train,Angry_144.mp4
/media/ngxbac/Bac/dataset/KERC/video/train/Angry/Angry_127.mp4,Angry,train,Angry_127.mp4
/media/ngxbac/Bac/dataset/KERC/video/train/Angry/Angry_155.mp4,Angry,train,Angry_155.mp4
/media/ngxbac/Bac/dataset/KERC/video/train/Angry/Angry_152.mp4,Angry,train,Angry_152.mp4
/media/ngxbac/Bac/dataset/KERC/video/train/Angry/Angry_175.mp4,Angry,train,Angry_175.mp4
/media/ngxbac/Bac/dataset/KERC/video/train/Angry/Angry_062.mp4,Angry,train,Angry_062.mp4
/media/ngxbac/Bac/dataset/KERC/video/train/Angry/Angry_180.mp4,Angry,train,Angry_180.mp4
/media/ngxbac/Bac/dataset/KERC/video/train/Angry/Angry_117.mp4,Angry,train,Angry_117.mp4
/media/ngxbac/Bac/dataset/KERC/video/train/Angry/Angry_143.mp4,Angry,train,Angry_143.mp4
/media/ngxbac/Bac/dataset/KERC/video/train/Angry/Angry_163.mp4,Angry,train,Angry_163.mp4
/media/ngxbac/Bac/dataset/KERC/video/train/Angry/Angry_183.mp4,Angry,train,Angry_183.mp4
/media/ngxbac/Bac/dataset/KERC/video/train/Angry/Angry_065.mp4,Angry,train,Angry_065.mp4
/media/ngxbac/Bac/dataset/KERC/video/train/Angry/Angry_018.mp4,Angry,train,Angry_018.mp4
/media/ngxbac/Bac/dataset/KERC/video/train/Angry/Angry_023.mp4,Angry,train,Angry_023.mp4
/media/ngxbac/Bac/dataset/KERC/video/train/Angry/Angry_159.mp4,Angry,train,Angry_159.mp4
/media/ngxbac/Bac/dataset/KERC/video/train/Angry/Angry_112.mp4,Angry,train,Angry_112.mp4
/media/ngxbac/Bac/dataset/KERC/video/train/Angry/Angry_165.mp4,Angry,train,Angry_165.mp4
/media/ngxbac/Bac/dataset/KERC/video/train/Angry/Angry_168.mp4,Angry,train,Angry_168.mp4
/media/ngxbac/Bac/dataset/KERC/video/train/Angry/Angry_093.mp4,Angry,train,Angry_093.mp4
/media/ngxbac/Bac/dataset/KERC/video/train/Angry/Angry_104.mp4,Angry,train,Angry_104.mp4
/media/ngxbac/Bac/dataset/KERC/video/train/Angry/Angry_176.mp4,Angry,train,Angry_176.mp4
/media/ngxbac/Bac/dataset/KERC/video/train/Angry/Angry_154.mp4,Angry,train,Angry_154.mp4
/media/ngxbac/Bac/dataset/KERC/video/train/Angry/Angry_005.mp4,Angry,train,Angry_005.mp4
/media/ngxbac/Bac/dataset/KERC/video/train/Angry/Angry_115.mp4,Angry,train,Angry_115.mp4
/media/ngxbac/Bac/dataset/KERC/video/train/Angry/Angry_161.mp4,Angry,train,Angry_161.mp4
/media/ngxbac/Bac/dataset/KERC/video/train/Angry/Angry_032.mp4,Angry,train,Angry_032.mp4
/media/ngxbac/Bac/dataset/KERC/video/train/Angry/Angry_004.mp4,Angry,train,Angry_004.mp4
/media/ngxbac/Bac/dataset/KERC/video/train/Angry/Angry_070.mp4,Angry,train,Angry_070.mp4
/media/ngxbac/Bac/dataset/KERC/video/train/Angry/Angry_162.mp4,Angry,train,Angry_162.mp4
/media/ngxbac/Bac/dataset/KERC/video/train/Angry/Angry_014.mp4,Angry,train,Angry_014.mp4
/media/ngxbac/Bac/dataset/KERC/video/train/Angry/Angry_053.mp4,Angry,train,Angry_053.mp4
/media/ngxbac/Bac/dataset/KERC/video/train/Angry/Angry_080.mp4,Angry,train,Angry_080.mp4
/media/ngxbac/Bac/dataset/KERC/video/train/Angry/Angry_069.mp4,Angry,train,Angry_069.mp4
/media/ngxbac/Bac/dataset/KERC/video/train/Angry/Angry_091.mp4,Angry,train,Angry_091.mp4
/media/ngxbac/Bac/dataset/KERC/video/train/Angry/Angry_072.mp4,Angry,train,Angry_072.mp4
/media/ngxbac/Bac/dataset/KERC/video/train/Angry/Angry_028.mp4,Angry,train,Angry_028.mp4
/media/ngxbac/Bac/dataset/KERC/video/train/Angry/Angry_169.mp4,Angry,train,Angry_169.mp4
/media/ngxbac/Bac/dataset/KERC/video/train/Angry/Angry_052.mp4,Angry,train,Angry_052.mp4
/media/ngxbac/Bac/dataset/KERC/video/train/Angry/Angry_182.mp4,Angry,train,Angry_182.mp4
/media/ngxbac/Bac/dataset/KERC/video/train/Angry/Angry_096.mp4,Angry,train,Angry_096.mp4
/media/ngxbac/Bac/dataset/KERC/video/train/Angry/Angry_059.mp4,Angry,train,Angry_059.mp4
/media/ngxbac/Bac/dataset/KERC/video/train/Angry/Angry_114.mp4,Angry,train,Angry_114.mp4
/media/ngxbac/Bac/dataset/KERC/video/train/Angry/Angry_174.mp4,Angry,train,Angry_174.mp4
/media/ngxbac/Bac/dataset/KERC/video/train/Angry/Angry_074.mp4,Angry,train,Angry_074.mp4
/media/ngxbac/Bac/dataset/KERC/video/train/Angry/Angry_157.mp4,Angry,train,Angry_157.mp4
/media/ngxbac/Bac/dataset/KERC/video/train/Angry/Angry_089.mp4,Angry,train,Angry_089.mp4
/media/ngxbac/Bac/dataset/KERC/video/train/Angry/Angry_045.mp4,Angry,train,Angry_045.mp4
/media/ngxbac/Bac/dataset/KERC/video/train/Angry/Angry_020.mp4,Angry,train,Angry_020.mp4
/media/ngxbac/Bac/dataset/KERC/video/train/Angry/Angry_017.mp4,Angry,train,Angry_017.mp4
/media/ngxbac/Bac/dataset/KERC/video/train/Angry/Angry_040.mp4,Angry,train,Angry_040.mp4
/media/ngxbac/Bac/dataset/KERC/video/train/Angry/Angry_158.mp4,Angry,train,Angry_158.mp4
/media/ngxbac/Bac/dataset/KERC/video/train/Angry/Angry_082.mp4,Angry,train,Angry_082.mp4
/media/ngxbac/Bac/dataset/KERC/video/train/Angry/Angry_025.mp4,Angry,train,Angry_025.mp4
/media/ngxbac/Bac/dataset/KERC/video/train/Angry/Angry_156.mp4,Angry,train,Angry_156.mp4
/media/ngxbac/Bac/dataset/KERC/video/train/Angry/Angry_027.mp4,Angry,train,Angry_027.mp4
/media/ngxbac/Bac/dataset/KERC/video/train/Angry/Angry_111.mp4,Angry,train,Angry_111.mp4
/media/ngxbac/Bac/dataset/KERC/video/train/Angry/Angry_088.mp4,Angry,train,Angry_088.mp4
/media/ngxbac/Bac/dataset/KERC/video/train/Angry/Angry_086.mp4,Angry,train,Angry_086.mp4
/media/ngxbac/Bac/dataset/KERC/video/train/Angry/Angry_092.mp4,Angry,train,Angry_092.mp4
/media/ngxbac/Bac/dataset/KERC/video/train/Angry/Angry_054.mp4,Angry,train,Angry_054.mp4
/media/ngxbac/Bac/dataset/KERC/video/train/Angry/Angry_087.mp4,Angry,train,Angry_087.mp4
/media/ngxbac/Bac/dataset/KERC/video/train/Angry/Angry_170.mp4,Angry,train,Angry_170.mp4
/media/ngxbac/Bac/dataset/KERC/video/train/Angry/Angry_050.mp4,Angry,train,Angry_050.mp4
/media/ngxbac/Bac/dataset/KERC/video/train/Sad/Sad_073.mp4,Sad,train,Sad_073.mp4
/media/ngxbac/Bac/dataset/KERC/video/train/Sad/Sad_089.mp4,Sad,train,Sad_089.mp4
/media/ngxbac/Bac/dataset/KERC/video/train/Sad/Sad_027.mp4,Sad,train,Sad_027.mp4
/media/ngxbac/Bac/dataset/KERC/video/train/Sad/Sad_031.mp4,Sad,train,Sad_031.mp4
/media/ngxbac/Bac/dataset/KERC/video/train/Sad/Sad_136.mp4,Sad,train,Sad_136.mp4
/media/ngxbac/Bac/dataset/KERC/video/train/Sad/Sad_131.mp4,Sad,train,Sad_131.mp4
/media/ngxbac/Bac/dataset/KERC/video/train/Sad/Sad_047.mp4,Sad,train,Sad_047.mp4
/media/ngxbac/Bac/dataset/KERC/video/train/Sad/Sad_013.mp4,Sad,train,Sad_013.mp4
/media/ngxbac/Bac/dataset/KERC/video/train/Sad/Sad_059.mp4,Sad,train,Sad_059.mp4
/media/ngxbac/Bac/dataset/KERC/video/train/Sad/Sad_049.mp4,Sad,train,Sad_049.mp4
/media/ngxbac/Bac/dataset/KERC/video/train/Sad/Sad_060.mp4,Sad,train,Sad_060.mp4
/media/ngxbac/Bac/dataset/KERC/video/train/Sad/Sad_135.mp4,Sad,train,Sad_135.mp4
/media/ngxbac/Bac/dataset/KERC/video/train/Sad/Sad_007.mp4,Sad,train,Sad_007.mp4
/media/ngxbac/Bac/dataset/KERC/video/train/Sad/Sad_115.mp4,Sad,train,Sad_115.mp4
/media/ngxbac/Bac/dataset/KERC/video/train/Sad/Sad_108.mp4,Sad,train,Sad_108.mp4
/media/ngxbac/Bac/dataset/KERC/video/train/Sad/Sad_118.mp4,Sad,train,Sad_118.mp4
/media/ngxbac/Bac/dataset/KERC/video/train/Sad/Sad_012.mp4,Sad,train,Sad_012.mp4
/media/ngxbac/Bac/dataset/KERC/video/train/Sad/Sad_053.mp4,Sad,train,Sad_053.mp4
/media/ngxbac/Bac/dataset/KERC/video/train/Sad/Sad_133.mp4,Sad,train,Sad_133.mp4
/media/ngxbac/Bac/dataset/KERC/video/train/Sad/Sad_050.mp4,Sad,train,Sad_050.mp4
/media/ngxbac/Bac/dataset/KERC/video/train/Sad/Sad_057.mp4,Sad,train,Sad_057.mp4
/media/ngxbac/Bac/dataset/KERC/video/train/Sad/Sad_061.mp4,Sad,train,Sad_061.mp4
/media/ngxbac/Bac/dataset/KERC/video/train/Sad/Sad_019.mp4,Sad,train,Sad_019.mp4
/media/ngxbac/Bac/dataset/KERC/video/train/Sad/Sad_032.mp4,Sad,train,Sad_032.mp4
/media/ngxbac/Bac/dataset/KERC/video/train/Sad/Sad_066.mp4,Sad,train,Sad_066.mp4
/media/ngxbac/Bac/dataset/KERC/video/train/Sad/Sad_138.mp4,Sad,train,Sad_138.mp4
/media/ngxbac/Bac/dataset/KERC/video/train/Sad/Sad_036.mp4,Sad,train,Sad_036.mp4
/media/ngxbac/Bac/dataset/KERC/video/train/Sad/Sad_041.mp4,Sad,train,Sad_041.mp4
/media/ngxbac/Bac/dataset/KERC/video/train/Sad/Sad_002.mp4,Sad,train,Sad_002.mp4
/media/ngxbac/Bac/dataset/KERC/video/train/Sad/Sad_056.mp4,Sad,train,Sad_056.mp4
/media/ngxbac/Bac/dataset/KERC/video/train/Sad/Sad_130.mp4,Sad,train,Sad_130.mp4
/media/ngxbac/Bac/dataset/KERC/video/train/Sad/Sad_129.mp4,Sad,train,Sad_129.mp4
/media/ngxbac/Bac/dataset/KERC/video/train/Sad/Sad_052.mp4,Sad,train,Sad_052.mp4
/media/ngxbac/Bac/dataset/KERC/video/train/Sad/Sad_015.mp4,Sad,train,Sad_015.mp4
/media/ngxbac/Bac/dataset/KERC/video/train/Sad/Sad_067.mp4,Sad,train,Sad_067.mp4
/media/ngxbac/Bac/dataset/KERC/video/train/Sad/Sad_016.mp4,Sad,train,Sad_016.mp4
/media/ngxbac/Bac/dataset/KERC/video/train/Sad/Sad_092.mp4,Sad,train,Sad_092.mp4
/media/ngxbac/Bac/dataset/KERC/video/train/Sad/Sad_017.mp4,Sad,train,Sad_017.mp4
/media/ngxbac/Bac/dataset/KERC/video/train/Sad/Sad_011.mp4,Sad,train,Sad_011.mp4
/media/ngxbac/Bac/dataset/KERC/video/train/Sad/Sad_111.mp4,Sad,train,Sad_111.mp4
/media/ngxbac/Bac/dataset/KERC/video/train/Sad/Sad_134.mp4,Sad,train,Sad_134.mp4
/media/ngxbac/Bac/dataset/KERC/video/train/Sad/Sad_113.mp4,Sad,train,Sad_113.mp4
/media/ngxbac/Bac/dataset/KERC/video/train/Sad/Sad_083.mp4,Sad,train,Sad_083.mp4
/media/ngxbac/Bac/dataset/KERC/video/train/Sad/Sad_018.mp4,Sad,train,Sad_018.mp4
/media/ngxbac/Bac/dataset/KERC/video/train/Sad/Sad_046.mp4,Sad,train,Sad_046.mp4
/media/ngxbac/Bac/dataset/KERC/video/train/Sad/Sad_084.mp4,Sad,train,Sad_084.mp4
/media/ngxbac/Bac/dataset/KERC/video/train/Sad/Sad_025.mp4,Sad,train,Sad_025.mp4
/media/ngxbac/Bac/dataset/KERC/video/train/Sad/Sad_035.mp4,Sad,train,Sad_035.mp4
/media/ngxbac/Bac/dataset/KERC/video/train/Sad/Sad_037.mp4,Sad,train,Sad_037.mp4
/media/ngxbac/Bac/dataset/KERC/video/train/Sad/Sad_088.mp4,Sad,train,Sad_088.mp4
/media/ngxbac/Bac/dataset/KERC/video/train/Sad/Sad_124.mp4,Sad,train,Sad_124.mp4
/media/ngxbac/Bac/dataset/KERC/video/train/Sad/Sad_077.mp4,Sad,train,Sad_077.mp4
/media/ngxbac/Bac/dataset/KERC/video/train/Sad/Sad_021.mp4,Sad,train,Sad_021.mp4
/media/ngxbac/Bac/dataset/KERC/video/train/Sad/Sad_116.mp4,Sad,train,Sad_116.mp4
/media/ngxbac/Bac/dataset/KERC/video/train/Sad/Sad_003.mp4,Sad,train,Sad_003.mp4
/media/ngxbac/Bac/dataset/KERC/video/train/Sad/Sad_026.mp4,Sad,train,Sad_026.mp4
/media/ngxbac/Bac/dataset/KERC/video/train/Sad/Sad_099.mp4,Sad,train,Sad_099.mp4
/media/ngxbac/Bac/dataset/KERC/video/train/Sad/Sad_103.mp4,Sad,train,Sad_103.mp4
/media/ngxbac/Bac/dataset/KERC/video/train/Sad/Sad_096.mp4,Sad,train,Sad_096.mp4
/media/ngxbac/Bac/dataset/KERC/video/train/Sad/Sad_030.mp4,Sad,train,Sad_030.mp4
/media/ngxbac/Bac/dataset/KERC/video/train/Sad/Sad_072.mp4,Sad,train,Sad_072.mp4
/media/ngxbac/Bac/dataset/KERC/video/train/Sad/Sad_137.mp4,Sad,train,Sad_137.mp4
/media/ngxbac/Bac/dataset/KERC/video/train/Sad/Sad_038.mp4,Sad,train,Sad_038.mp4
/media/ngxbac/Bac/dataset/KERC/video/train/Sad/Sad_078.mp4,Sad,train,Sad_078.mp4
/media/ngxbac/Bac/dataset/KERC/video/train/Sad/Sad_045.mp4,Sad,train,Sad_045.mp4
/media/ngxbac/Bac/dataset/KERC/video/train/Sad/Sad_106.mp4,Sad,train,Sad_106.mp4
/media/ngxbac/Bac/dataset/KERC/video/train/Sad/Sad_001.mp4,Sad,train,Sad_001.mp4
/media/ngxbac/Bac/dataset/KERC/video/train/Sad/Sad_104.mp4,Sad,train,Sad_104.mp4
/media/ngxbac/Bac/dataset/KERC/video/train/Sad/Sad_008.mp4,Sad,train,Sad_008.mp4
/media/ngxbac/Bac/dataset/KERC/video/train/Sad/Sad_117.mp4,Sad,train,Sad_117.mp4
/media/ngxbac/Bac/dataset/KERC/video/train/Sad/Sad_093.mp4,Sad,train,Sad_093.mp4
/media/ngxbac/Bac/dataset/KERC/video/train/Sad/Sad_029.mp4,Sad,train,Sad_029.mp4
/media/ngxbac/Bac/dataset/KERC/video/train/Sad/Sad_009.mp4,Sad,train,Sad_009.mp4
/media/ngxbac/Bac/dataset/KERC/video/train/Sad/Sad_022.mp4,Sad,train,Sad_022.mp4
/media/ngxbac/Bac/dataset/KERC/video/train/Sad/Sad_122.mp4,Sad,train,Sad_122.mp4
/media/ngxbac/Bac/dataset/KERC/video/train/Sad/Sad_098.mp4,Sad,train,Sad_098.mp4
/media/ngxbac/Bac/dataset/KERC/video/train/Sad/Sad_070.mp4,Sad,train,Sad_070.mp4
/media/ngxbac/Bac/dataset/KERC/video/train/Sad/Sad_020.mp4,Sad,train,Sad_020.mp4
/media/ngxbac/Bac/dataset/KERC/video/train/Sad/Sad_105.mp4,Sad,train,Sad_105.mp4
/media/ngxbac/Bac/dataset/KERC/video/train/Sad/Sad_125.mp4,Sad,train,Sad_125.mp4
/media/ngxbac/Bac/dataset/KERC/video/train/Sad/Sad_085.mp4,Sad,train,Sad_085.mp4
/media/ngxbac/Bac/dataset/KERC/video/train/Sad/Sad_139.mp4,Sad,train,Sad_139.mp4
/media/ngxbac/Bac/dataset/KERC/video/train/Sad/Sad_127.mp4,Sad,train,Sad_127.mp4
/media/ngxbac/Bac/dataset/KERC/video/train/Sad/Sad_081.mp4,Sad,train,Sad_081.mp4
/media/ngxbac/Bac/dataset/KERC/video/train/Sad/Sad_055.mp4,Sad,train,Sad_055.mp4
/media/ngxbac/Bac/dataset/KERC/video/train/Sad/Sad_023.mp4,Sad,train,Sad_023.mp4
/media/ngxbac/Bac/dataset/KERC/video/train/Sad/Sad_054.mp4,Sad,train,Sad_054.mp4
/media/ngxbac/Bac/dataset/KERC/video/train/Sad/Sad_033.mp4,Sad,train,Sad_033.mp4
/media/ngxbac/Bac/dataset/KERC/video/train/Sad/Sad_090.mp4,Sad,train,Sad_090.mp4
/media/ngxbac/Bac/dataset/KERC/video/train/Sad/Sad_095.mp4,Sad,train,Sad_095.mp4
/media/ngxbac/Bac/dataset/KERC/video/train/Sad/Sad_069.mp4,Sad,train,Sad_069.mp4
/media/ngxbac/Bac/dataset/KERC/video/train/Sad/Sad_024.mp4,Sad,train,Sad_024.mp4
/media/ngxbac/Bac/dataset/KERC/video/train/Sad/Sad_094.mp4,Sad,train,Sad_094.mp4
/media/ngxbac/Bac/dataset/KERC/video/train/Sad/Sad_140.mp4,Sad,train,Sad_140.mp4
/media/ngxbac/Bac/dataset/KERC/video/train/Sad/Sad_064.mp4,Sad,train,Sad_064.mp4
/media/ngxbac/Bac/dataset/KERC/video/train/Sad/Sad_048.mp4,Sad,train,Sad_048.mp4
/media/ngxbac/Bac/dataset/KERC/video/train/Sad/Sad_097.mp4,Sad,train,Sad_097.mp4
/media/ngxbac/Bac/dataset/KERC/video/train/Sad/Sad_119.mp4,Sad,train,Sad_119.mp4
/media/ngxbac/Bac/dataset/KERC/video/train/Sad/Sad_058.mp4,Sad,train,Sad_058.mp4
/media/ngxbac/Bac/dataset/KERC/video/train/Sad/Sad_043.mp4,Sad,train,Sad_043.mp4
/media/ngxbac/Bac/dataset/KERC/video/train/Sad/Sad_040.mp4,Sad,train,Sad_040.mp4
/media/ngxbac/Bac/dataset/KERC/video/train/Sad/Sad_075.mp4,Sad,train,Sad_075.mp4
/media/ngxbac/Bac/dataset/KERC/video/train/Sad/Sad_120.mp4,Sad,train,Sad_120.mp4
/media/ngxbac/Bac/dataset/KERC/video/train/Sad/Sad_087.mp4,Sad,train,Sad_087.mp4
/media/ngxbac/Bac/dataset/KERC/video/train/Sad/Sad_109.mp4,Sad,train,Sad_109.mp4
/media/ngxbac/Bac/dataset/KERC/video/train/Sad/Sad_076.mp4,Sad,train,Sad_076.mp4
/media/ngxbac/Bac/dataset/KERC/video/train/Sad/Sad_028.mp4,Sad,train,Sad_028.mp4
/media/ngxbac/Bac/dataset/KERC/video/train/Sad/Sad_006.mp4,Sad,train,Sad_006.mp4
/media/ngxbac/Bac/dataset/KERC/video/train/Sad/Sad_010.mp4,Sad,train,Sad_010.mp4
/media/ngxbac/Bac/dataset/KERC/video/train/Sad/Sad_065.mp4,Sad,train,Sad_065.mp4
/media/ngxbac/Bac/dataset/KERC/video/train/Sad/Sad_014.mp4,Sad,train,Sad_014.mp4
/media/ngxbac/Bac/dataset/KERC/video/train/Sad/Sad_121.mp4,Sad,train,Sad_121.mp4
/media/ngxbac/Bac/dataset/KERC/video/train/Sad/Sad_101.mp4,Sad,train,Sad_101.mp4
/media/ngxbac/Bac/dataset/KERC/video/train/Sad/Sad_082.mp4,Sad,train,Sad_082.mp4
/media/ngxbac/Bac/dataset/KERC/video/train/Sad/Sad_039.mp4,Sad,train,Sad_039.mp4
/media/ngxbac/Bac/dataset/KERC/video/train/Sad/Sad_112.mp4,Sad,train,Sad_112.mp4
/media/ngxbac/Bac/dataset/KERC/video/train/Sad/Sad_086.mp4,Sad,train,Sad_086.mp4
/media/ngxbac/Bac/dataset/KERC/video/train/Sad/Sad_034.mp4,Sad,train,Sad_034.mp4
/media/ngxbac/Bac/dataset/KERC/video/train/Sad/Sad_102.mp4,Sad,train,Sad_102.mp4
/media/ngxbac/Bac/dataset/KERC/video/train/Sad/Sad_079.mp4,Sad,train,Sad_079.mp4
/media/ngxbac/Bac/dataset/KERC/video/train/Sad/Sad_068.mp4,Sad,train,Sad_068.mp4
/media/ngxbac/Bac/dataset/KERC/video/train/Sad/Sad_042.mp4,Sad,train,Sad_042.mp4
/media/ngxbac/Bac/dataset/KERC/video/train/Sad/Sad_004.mp4,Sad,train,Sad_004.mp4
/media/ngxbac/Bac/dataset/KERC/video/train/Sad/Sad_062.mp4,Sad,train,Sad_062.mp4
/media/ngxbac/Bac/dataset/KERC/video/train/Sad/Sad_110.mp4,Sad,train,Sad_110.mp4
/media/ngxbac/Bac/dataset/KERC/video/train/Sad/Sad_074.mp4,Sad,train,Sad_074.mp4
/media/ngxbac/Bac/dataset/KERC/video/train/Sad/Sad_123.mp4,Sad,train,Sad_123.mp4
/media/ngxbac/Bac/dataset/KERC/video/train/Sad/Sad_044.mp4,Sad,train,Sad_044.mp4
/media/ngxbac/Bac/dataset/KERC/video/train/Sad/Sad_051.mp4,Sad,train,Sad_051.mp4
/media/ngxbac/Bac/dataset/KERC/video/train/Sad/Sad_080.mp4,Sad,train,Sad_080.mp4
/media/ngxbac/Bac/dataset/KERC/video/train/Sad/Sad_091.mp4,Sad,train,Sad_091.mp4
/media/ngxbac/Bac/dataset/KERC/video/train/Sad/Sad_128.mp4,Sad,train,Sad_128.mp4
/media/ngxbac/Bac/dataset/KERC/video/train/Sad/Sad_126.mp4,Sad,train,Sad_126.mp4
/media/ngxbac/Bac/dataset/KERC/video/train/Sad/Sad_071.mp4,Sad,train,Sad_071.mp4
/media/ngxbac/Bac/dataset/KERC/video/train/Sad/Sad_100.mp4,Sad,train,Sad_100.mp4
/media/ngxbac/Bac/dataset/KERC/video/train/Sad/Sad_005.mp4,Sad,train,Sad_005.mp4
/media/ngxbac/Bac/dataset/KERC/video/train/Sad/Sad_063.mp4,Sad,train,Sad_063.mp4
/media/ngxbac/Bac/dataset/KERC/video/train/Sad/Sad_114.mp4,Sad,train,Sad_114.mp4
/media/ngxbac/Bac/dataset/KERC/video/train/Sad/Sad_132.mp4,Sad,train,Sad_132.mp4
/media/ngxbac/Bac/dataset/KERC/video/train/Sad/Sad_107.mp4,Sad,train,Sad_107.mp4
/media/ngxbac/Bac/dataset/KERC/video/train/Fear/Fear_024.mp4,Fear,train,Fear_024.mp4
/media/ngxbac/Bac/dataset/KERC/video/train/Fear/Fear_051.mp4,Fear,train,Fear_051.mp4
/media/ngxbac/Bac/dataset/KERC/video/train/Fear/Fear_025.mp4,Fear,train,Fear_025.mp4
/media/ngxbac/Bac/dataset/KERC/video/train/Fear/Fear_055.mp4,Fear,train,Fear_055.mp4
/media/ngxbac/Bac/dataset/KERC/video/train/Fear/Fear_052.mp4,Fear,train,Fear_052.mp4
/media/ngxbac/Bac/dataset/KERC/video/train/Fear/Fear_032.mp4,Fear,train,Fear_032.mp4
/media/ngxbac/Bac/dataset/KERC/video/train/Fear/Fear_017.mp4,Fear,train,Fear_017.mp4
/media/ngxbac/Bac/dataset/KERC/video/train/Fear/Fear_003.mp4,Fear,train,Fear_003.mp4
/media/ngxbac/Bac/dataset/KERC/video/train/Fear/Fear_009.mp4,Fear,train,Fear_009.mp4
/media/ngxbac/Bac/dataset/KERC/video/train/Fear/Fear_002.mp4,Fear,train,Fear_002.mp4
/media/ngxbac/Bac/dataset/KERC/video/train/Fear/Fear_029.mp4,Fear,train,Fear_029.mp4
/media/ngxbac/Bac/dataset/KERC/video/train/Fear/Fear_007.mp4,Fear,train,Fear_007.mp4
/media/ngxbac/Bac/dataset/KERC/video/train/Fear/Fear_043.mp4,Fear,train,Fear_043.mp4
/media/ngxbac/Bac/dataset/KERC/video/train/Fear/Fear_018.mp4,Fear,train,Fear_018.mp4
/media/ngxbac/Bac/dataset/KERC/video/train/Fear/Fear_056.mp4,Fear,train,Fear_056.mp4
/media/ngxbac/Bac/dataset/KERC/video/train/Fear/Fear_060.mp4,Fear,train,Fear_060.mp4
/media/ngxbac/Bac/dataset/KERC/video/train/Fear/Fear_031.mp4,Fear,train,Fear_031.mp4
/media/ngxbac/Bac/dataset/KERC/video/train/Fear/Fear_020.mp4,Fear,train,Fear_020.mp4
/media/ngxbac/Bac/dataset/KERC/video/train/Fear/Fear_057.mp4,Fear,train,Fear_057.mp4
/media/ngxbac/Bac/dataset/KERC/video/train/Fear/Fear_001.mp4,Fear,train,Fear_001.mp4
/media/ngxbac/Bac/dataset/KERC/video/train/Fear/Fear_050.mp4,Fear,train,Fear_050.mp4
/media/ngxbac/Bac/dataset/KERC/video/train/Fear/Fear_027.mp4,Fear,train,Fear_027.mp4
/media/ngxbac/Bac/dataset/KERC/video/train/Fear/Fear_039.mp4,Fear,train,Fear_039.mp4
/media/ngxbac/Bac/dataset/KERC/video/train/Fear/Fear_012.mp4,Fear,train,Fear_012.mp4
/media/ngxbac/Bac/dataset/KERC/video/train/Fear/Fear_022.mp4,Fear,train,Fear_022.mp4
/media/ngxbac/Bac/dataset/KERC/video/train/Fear/Fear_037.mp4,Fear,train,Fear_037.mp4
/media/ngxbac/Bac/dataset/KERC/video/train/Fear/Fear_005.mp4,Fear,train,Fear_005.mp4
/media/ngxbac/Bac/dataset/KERC/video/train/Fear/Fear_030.mp4,Fear,train,Fear_030.mp4
/media/ngxbac/Bac/dataset/KERC/video/train/Fear/Fear_059.mp4,Fear,train,Fear_059.mp4
/media/ngxbac/Bac/dataset/KERC/video/train/Fear/Fear_011.mp4,Fear,train,Fear_011.mp4
/media/ngxbac/Bac/dataset/KERC/video/train/Fear/Fear_040.mp4,Fear,train,Fear_040.mp4
/media/ngxbac/Bac/dataset/KERC/video/train/Fear/Fear_019.mp4,Fear,train,Fear_019.mp4
/media/ngxbac/Bac/dataset/KERC/video/train/Fear/Fear_008.mp4,Fear,train,Fear_008.mp4
/media/ngxbac/Bac/dataset/KERC/video/train/Fear/Fear_006.mp4,Fear,train,Fear_006.mp4
/media/ngxbac/Bac/dataset/KERC/video/train/Fear/Fear_016.mp4,Fear,train,Fear_016.mp4
/media/ngxbac/Bac/dataset/KERC/video/train/Fear/Fear_015.mp4,Fear,train,Fear_015.mp4
/media/ngxbac/Bac/dataset/KERC/video/train/Fear/Fear_058.mp4,Fear,train,Fear_058.mp4
/media/ngxbac/Bac/dataset/KERC/video/train/Fear/Fear_053.mp4,Fear,train,Fear_053.mp4
/media/ngxbac/Bac/dataset/KERC/video/train/Fear/Fear_049.mp4,Fear,train,Fear_049.mp4
/media/ngxbac/Bac/dataset/KERC/video/train/Fear/Fear_033.mp4,Fear,train,Fear_033.mp4
/media/ngxbac/Bac/dataset/KERC/video/train/Fear/Fear_034.mp4,Fear,train,Fear_034.mp4
/media/ngxbac/Bac/dataset/KERC/video/train/Fear/Fear_061.mp4,Fear,train,Fear_061.mp4
/media/ngxbac/Bac/dataset/KERC/video/train/Fear/Fear_046.mp4,Fear,train,Fear_046.mp4
/media/ngxbac/Bac/dataset/KERC/video/train/Fear/Fear_004.mp4,Fear,train,Fear_004.mp4
/media/ngxbac/Bac/dataset/KERC/video/train/Fear/Fear_021.mp4,Fear,train,Fear_021.mp4
/media/ngxbac/Bac/dataset/KERC/video/train/Fear/Fear_028.mp4,Fear,train,Fear_028.mp4
/media/ngxbac/Bac/dataset/KERC/video/train/Fear/Fear_048.mp4,Fear,train,Fear_048.mp4
/media/ngxbac/Bac/dataset/KERC/video/train/Fear/Fear_047.mp4,Fear,train,Fear_047.mp4
/media/ngxbac/Bac/dataset/KERC/video/train/Fear/Fear_045.mp4,Fear,train,Fear_045.mp4
/media/ngxbac/Bac/dataset/KERC/video/train/Fear/Fear_035.mp4,Fear,train,Fear_035.mp4
/media/ngxbac/Bac/dataset/KERC/video/train/Fear/Fear_023.mp4,Fear,train,Fear_023.mp4
/media/ngxbac/Bac/dataset/KERC/video/train/Fear/Fear_042.mp4,Fear,train,Fear_042.mp4
/media/ngxbac/Bac/dataset/KERC/video/train/Fear/Fear_044.mp4,Fear,train,Fear_044.mp4
/media/ngxbac/Bac/dataset/KERC/video/train/Fear/Fear_063.mp4,Fear,train,Fear_063.mp4
/media/ngxbac/Bac/dataset/KERC/video/train/Fear/Fear_010.mp4,Fear,train,Fear_010.mp4
/media/ngxbac/Bac/dataset/KERC/video/train/Fear/Fear_036.mp4,Fear,train,Fear_036.mp4
/media/ngxbac/Bac/dataset/KERC/video/train/Fear/Fear_013.mp4,Fear,train,Fear_013.mp4
/media/ngxbac/Bac/dataset/KERC/video/train/Fear/Fear_041.mp4,Fear,train,Fear_041.mp4
/media/ngxbac/Bac/dataset/KERC/video/train/Fear/Fear_062.mp4,Fear,train,Fear_062.mp4
/media/ngxbac/Bac/dataset/KERC/video/train/Fear/Fear_054.mp4,Fear,train,Fear_054.mp4
/media/ngxbac/Bac/dataset/KERC/video/train/Fear/Fear_026.mp4,Fear,train,Fear_026.mp4
/media/ngxbac/Bac/dataset/KERC/video/train/Fear/Fear_038.mp4,Fear,train,Fear_038.mp4
/media/ngxbac/Bac/dataset/KERC/video/train/Fear/Fear_014.mp4,Fear,train,Fear_014.mp4
